{"format": "graph-model", "generatedBy": "2.18.0", "convertedBy": "TensorFlow.js Converter v4.22.0", "signature": {"inputs": {"input": {"name": "input:0", "dtype": "DT_FLOAT", "tensorShape": {"dim": [{"size": "-1"}, {"size": "945"}]}}}, "outputs": {"output_0": {"name": "Identity:0", "dtype": "DT_FLOAT", "tensorShape": {"dim": [{"size": "-1"}, {"size": "32"}]}}}}, "modelTopology": {"node": [{"name": "StatefulPartitionedCall/functional_2_1/dense_1/Cast/ReadVariableOp", "op": "Const", "attr": {"value": {"tensor": {"dtype": "DT_FLOAT", "tensorShape": {"dim": [{"size": "945"}, {"size": "128"}]}}}, "dtype": {"type": "DT_FLOAT"}}}, {"name": "StatefulPartitionedCall/functional_2_1/dense_1/BiasAdd/ReadVariableOp", "op": "Const", "attr": {"value": {"tensor": {"dtype": "DT_FLOAT", "tensorShape": {"dim": [{"size": "128"}]}}}, "dtype": {"type": "DT_FLOAT"}}}, {"name": "StatefulPartitionedCall/functional_2_1/dense_1_2/Cast/ReadVariableOp", "op": "Const", "attr": {"value": {"tensor": {"dtype": "DT_FLOAT", "tensorShape": {"dim": [{"size": "128"}, {"size": "64"}]}}}, "dtype": {"type": "DT_FLOAT"}}}, {"name": "StatefulPartitionedCall/functional_2_1/dense_1_2/BiasAdd/ReadVariableOp", "op": "Const", "attr": {"value": {"tensor": {"dtype": "DT_FLOAT", "tensorShape": {"dim": [{"size": "64"}]}}}, "dtype": {"type": "DT_FLOAT"}}}, {"name": "StatefulPartitionedCall/functional_2_1/embedding_1/Cast/ReadVariableOp", "op": "Const", "attr": {"value": {"tensor": {"dtype": "DT_FLOAT", "tensorShape": {"dim": [{"size": "64"}, {"size": "32"}]}}}, "dtype": {"type": "DT_FLOAT"}}}, {"name": "StatefulPartitionedCall/functional_2_1/embedding_1/BiasAdd/ReadVariableOp", "op": "Const", "attr": {"value": {"tensor": {"dtype": "DT_FLOAT", "tensorShape": {"dim": [{"size": "32"}]}}}, "dtype": {"type": "DT_FLOAT"}}}, {"name": "input", "op": "Placeholder", "attr": {"shape": {"shape": {"dim": [{"size": "-1"}, {"size": "945"}]}}, "dtype": {"type": "DT_FLOAT"}}}, {"name": "StatefulPartitionedCall/functional_2_1/dense_1/Relu", "op": "_FusedMatMul", "input": ["input", "StatefulPartitionedCall/functional_2_1/dense_1/Cast/ReadVariableOp", "StatefulPartitionedCall/functional_2_1/dense_1/BiasAdd/ReadVariableOp"], "device": "/device:CPU:0", "attr": {"transpose_a": {"b": false}, "transpose_b": {"b": false}, "fused_ops": {"list": {"s": ["Qmlhc0FkZA==", "UmVsdQ=="]}}, "num_args": {"i": "1"}, "leakyrelu_alpha": {"f": 0.2}, "epsilon": {"f": 0.0}, "T": {"type": "DT_FLOAT"}}}, {"name": "StatefulPartitionedCall/functional_2_1/dense_1_2/Relu", "op": "_FusedMatMul", "input": ["StatefulPartitionedCall/functional_2_1/dense_1/Relu", "StatefulPartitionedCall/functional_2_1/dense_1_2/Cast/ReadVariableOp", "StatefulPartitionedCall/functional_2_1/dense_1_2/BiasAdd/ReadVariableOp"], "device": "/device:CPU:0", "attr": {"transpose_a": {"b": false}, "transpose_b": {"b": false}, "fused_ops": {"list": {"s": ["Qmlhc0FkZA==", "UmVsdQ=="]}}, "leakyrelu_alpha": {"f": 0.2}, "num_args": {"i": "1"}, "epsilon": {"f": 0.0}, "T": {"type": "DT_FLOAT"}}}, {"name": "StatefulPartitionedCall/functional_2_1/embedding_1/Relu", "op": "_FusedMatMul", "input": ["StatefulPartitionedCall/functional_2_1/dense_1_2/Relu", "StatefulPartitionedCall/functional_2_1/embedding_1/Cast/ReadVariableOp", "StatefulPartitionedCall/functional_2_1/embedding_1/BiasAdd/ReadVariableOp"], "device": "/device:CPU:0", "attr": {"transpose_a": {"b": false}, "transpose_b": {"b": false}, "fused_ops": {"list": {"s": ["Qmlhc0FkZA==", "UmVsdQ=="]}}, "num_args": {"i": "1"}, "leakyrelu_alpha": {"f": 0.2}, "epsilon": {"f": 0.0}, "T": {"type": "DT_FLOAT"}}}, {"name": "Identity", "op": "Identity", "input": ["StatefulPartitionedCall/functional_2_1/embedding_1/Relu"], "attr": {"T": {"type": "DT_FLOAT"}}}], "library": {}, "versions": {"producer": 1994}}, "weightsManifest": [{"paths": ["group1-shard1of1.bin"], "weights": [{"name": "StatefulPartitionedCall/functional_2_1/dense_1/Cast/ReadVariableOp", "shape": [945, 128], "dtype": "float32"}, {"name": "StatefulPartitionedCall/functional_2_1/dense_1/BiasAdd/ReadVariableOp", "shape": [128], "dtype": "float32"}, {"name": "StatefulPartitionedCall/functional_2_1/dense_1_2/Cast/ReadVariableOp", "shape": [128, 64], "dtype": "float32"}, {"name": "StatefulPartitionedCall/functional_2_1/dense_1_2/BiasAdd/ReadVariableOp", "shape": [64], "dtype": "float32"}, {"name": "StatefulPartitionedCall/functional_2_1/embedding_1/Cast/ReadVariableOp", "shape": [64, 32], "dtype": "float32"}, {"name": "StatefulPartitionedCall/functional_2_1/embedding_1/BiasAdd/ReadVariableOp", "shape": [32], "dtype": "float32"}]}]}